{
    "blue_deploy_pos": [
        [
            25.0330752,
            121.5575369,
            17.5547332763672,
            0,
            45,
            5
        ],
        [
            25.0328376,
            121.568378,
            17.5545654296875,
            270,
            45,
            5
        ]
    ],
    "soldier_num": 90,
    "vehicle_num": 10,
    "bazhua_pos": [
        [
            25.03944063,
            121.56504545,
            182,
            180
        ],
        [
            25.03943971,
            121.56510177,
            182,
            180
        ],
        [
            25.03944054,
            121.56516691,
            182,
            180
        ],
        [
            25.03943767,
            121.56529052,
            182,
            180
        ],
        [
            25.03950255,
            121.56534199,
            182,
            140
        ],
        [
            25.03975013,
            121.56493904,
            182,
            270
        ]
    ],
    "bigua_pos": [
        [
            25.03943605,
            121.56500191,
            180.003146186268,
            270
        ],
        [
            25.03951107,
            121.56492855,
            180.067657226959,
            270
        ],
        [
            25.03950154,
            121.56540631,
            179.912194169855,
            180
        ],
        [
            25.04018932,
            121.56679709,
            225.502847231722,
            275
        ]
    ],
    "blue_death": 76,
    "result": 1,
    "soldier_death": 74,
    "vehicle_death": 2
}