{
    "blue_deploy_pos": [
        [
            25.0413175,
            121.5577695,
            17.5595397949219,
            180,
            30,
            4
        ],
        [
            25.0390337,
            121.5698793,
            17.6278381347656,
            180,
            30,
            3
        ],
        [
            25.0411706,
            121.5645556,
            17.5545806884766,
            90,
            30,
            3
        ]
    ],
    "soldier_num": 90,
    "vehicle_num": 10,
    "bazhua_pos": [
        [
            25.03944063,
            121.56504545,
            182,
            180
        ],
        [
            25.03943971,
            121.56510177,
            182,
            180
        ],
        [
            25.03987965,
            121.5652469,
            182,
            0
        ],
        [
            25.03950844,
            121.56500047,
            182,
            220
        ],
        [
            25.04018776,
            121.56685406,
            228,
            180
        ],
        [
            25.04018167,
            121.56694466,
            228,
            180
        ],
        [
            25.04041389,
            121.56680597,
            228,
            270
        ],
        [
            25.04032503,
            121.56680555,
            228,
            270
        ]
    ],
    "bigua_pos": [
        [
            25.03942806,
            121.56533912,
            180.058632961271,
            180
        ],
        [
            25.03943605,
            121.56500191,
            180.003146186268,
            270
        ],
        [
            25.03951107,
            121.56492855,
            180.067657226959,
            270
        ],
        [
            25.03950154,
            121.56540631,
            179.912194169855,
            180
        ]
    ],
    "blue_death": 89,
    "result": 1,
    "soldier_death": 84,
    "vehicle_death": 5
}