{
    "blue_deploy_pos": [
        [
            25.0413175,
            121.5577695,
            17.5595397949219,
            180,
            15,
            3
        ],
        [
            25.0376394,
            121.5576568,
            17.6111297607422,
            90,
            15,
            2
        ],
        [
            25.0330752,
            121.5575369,
            17.5547332763672,
            0,
            15,
            2
        ],
        [
            25.0328376,
            121.568378,
            17.5545654296875,
            270,
            15,
            1
        ],
        [
            25.0390337,
            121.5698793,
            17.6278381347656,
            180,
            15,
            1
        ],
        [
            25.0411706,
            121.5645556,
            17.5545806884766,
            90,
            15,
            1
        ]
    ],
    "soldier_num": 90,
    "vehicle_num": 10,
    "bazhua_pos": [
        [
            25.03944063,
            121.56504545,
            182,
            180
        ],
        [
            25.03943971,
            121.56510177,
            182,
            180
        ],
        [
            25.03987965,
            121.5652469,
            182,
            0
        ],
        [
            25.03975013,
            121.56493904,
            182,
            270
        ],
        [
            25.03969725,
            121.56493725,
            182,
            270
        ],
        [
            25.03963405,
            121.56493608,
            182,
            270
        ],
        [
            25.03957807,
            121.56493261,
            182,
            270
        ],
        [
            25.04018776,
            121.56685406,
            228,
            180
        ],
        [
            25.04041389,
            121.56680597,
            228,
            270
        ]
    ],
    "bigua_pos": [
        [
            25.03943605,
            121.56500191,
            180.003146186268,
            270
        ],
        [
            25.03951107,
            121.56492855,
            180.067657226959,
            270
        ],
        [
            25.03950154,
            121.56540631,
            179.912194169855,
            180
        ],
        [
            25.04019922,
            121.567288,
            225.504158481287,
            180
        ]
    ],
    "blue_death": 86,
    "result": 1,
    "soldier_death": 79,
    "vehicle_death": 7
}