{
    "red_bigua_pos": [
        [
            25.03981231,
            121.56493495,
            179.982933195338,
            0
        ],
        [
            25.03988161,
            121.565349,
            180.092263430736,
            90
        ],
        [
            25.03942806,
            121.56533912,
            180.058632961271,
            180
        ],
        [
            25.03943605,
            121.56500191,
            180.003146186268,
            270
        ],
        [
            25.03988834,
            121.56501096,
            180.062160663104,
            0
        ],
        [
            25.03978986,
            121.56542647,
            180.128694586253,
            90
        ],
        [
            25.03951107,
            121.56492855,
            180.067657226959,
            270
        ],
        [
            25.03950154,
            121.56540631,
            179.912194169855,
            180
        ],
        [
            25.04019922,
            121.567288,
            225.504158481287,
            180
        ],
        [
            25.04018932,
            121.56679709,
            225.502847231722,
            275
        ],
        [
            25.04043879,
            121.56729378,
            225.39358077923,
            90
        ],
        [
            25.04045988,
            121.56680095,
            225.413055369195,
            0
        ],
        [
            25.03410181,
            121.5673474,
            315.199474036025,
            180
        ],
        [
            25.03462313,
            121.56735756,
            315.053007013893,
            90
        ],
        [
            25.03463544,
            121.56705501,
            315.137514732575,
            0
        ],
        [
            25.03411405,
            121.56704488,
            315.30961879695,
            270
        ]
    ],
    "red_bazhua_pos": [
        [
            25.03410358,
            121.56708616,
            320,
            180
        ],
        [
            25.03409878,
            121.56730539,
            320,
            180
        ],
        [
            25.03462801,
            121.56732311,
            320,
            0
        ],
        [
            25.03463531,
            121.56708841,
            320,
            0
        ],
        [
            25.03944063,
            121.56504545,
            182,
            180
        ],
        [
            25.03943971,
            121.56510177,
            182,
            180
        ],
        [
            25.03944054,
            121.56516691,
            182,
            180
        ],
        [
            25.03943957,
            121.56523011,
            182,
            180
        ],
        [
            25.03943767,
            121.56529052,
            182,
            180
        ],
        [
            25.03950255,
            121.56534199,
            182,
            140
        ],
        [
            25.0395376,
            121.56541182,
            182,
            90
        ],
        [
            25.03959162,
            121.56541347,
            182,
            90
        ],
        [
            25.03964588,
            121.56541522,
            182,
            90
        ],
        [
            25.03970025,
            121.56541613,
            182,
            90
        ],
        [
            25.03975212,
            121.56541735,
            182,
            90
        ],
        [
            25.03980651,
            121.56534369,
            182,
            70
        ],
        [
            25.03987667,
            121.56530562,
            182,
            90
        ],
        [
            25.03987965,
            121.5652469,
            182,
            0
        ],
        [
            25.03987827,
            121.5651844,
            182,
            0
        ],
        [
            25.03987888,
            121.56512275,
            182,
            0
        ],
        [
            25.03987919,
            121.56505872,
            182,
            0
        ],
        [
            25.03981339,
            121.56501159,
            182,
            320
        ],
        [
            25.03975013,
            121.56493904,
            182,
            270
        ],
        [
            25.03969725,
            121.56493725,
            182,
            270
        ],
        [
            25.03963405,
            121.56493608,
            182,
            270
        ],
        [
            25.03957807,
            121.56493261,
            182,
            270
        ],
        [
            25.03950844,
            121.56500047,
            182,
            220
        ],
        [
            25.04018776,
            121.56685406,
            228,
            180
        ],
        [
            25.04018167,
            121.56694466,
            228,
            180
        ],
        [
            25.04018134,
            121.56704753,
            228,
            180
        ],
        [
            25.04018739,
            121.56714669,
            228,
            180
        ],
        [
            25.04019743,
            121.56723744,
            228,
            180
        ],
        [
            25.04025099,
            121.56728311,
            228,
            90
        ],
        [
            25.04032288,
            121.56728474,
            228,
            90
        ],
        [
            25.04038906,
            121.56728649,
            228,
            90
        ],
        [
            25.04044549,
            121.56723502,
            228,
            0
        ],
        [
            25.04045379,
            121.56715105,
            228,
            0
        ],
        [
            25.04046922,
            121.56705736,
            228,
            0
        ],
        [
            25.0404698,
            121.56696069,
            228,
            0
        ],
        [
            25.04046326,
            121.56686076,
            228,
            0
        ],
        [
            25.04041389,
            121.56680597,
            228,
            270
        ],
        [
            25.04032503,
            121.56680555,
            228,
            270
        ],
        [
            25.04024245,
            121.56680426,
            228,
            270
        ]
    ],
    "blue_deploy_pos": [
        [
            25.0413175,
            121.5577695,
            17.5595397949219,
            180
        ],
        [
            25.0376394,
            121.5576568,
            17.6111297607422,
            90
        ],
        [
            25.0330752,
            121.5575369,
            17.5547332763672,
            0
        ],
        [
            25.0328376,
            121.568378,
            17.5545654296875,
            270
        ],
        [
            25.0390337,
            121.5698793,
            17.6278381347656,
            180
        ],
        [
            25.0411706,
            121.5645556,
            17.5545806884766,
            90
        ]
    ],
    "blue_target_pos": [
        [
            25.0358994,
            121.5636215,
            17.5936489105225
        ]
    ],
    "sim_type": 1,
    "num_blue_group": 6,
    "num_total_red_deploy": 59,
    "num_red_bigua": 4,
    "num_red_bazhua": 7,
    "num_blue_man": 0,
    "num_blue_vehicle": 0,
    "client": {
        "host": "192.168.16.105",
        "world_port": 8100,
        "control_port": 8200,
        "stream_port": 8300,