{
    "blue_deploy_pos": [
        [
            25.0328376,
            121.568378,
            17.5545654296875,
            270,
            45,
            5
        ],
        [
            25.0390337,
            121.5698793,
            17.6278381347656,
            180,
            45,
            5
        ]
    ],
    "soldier_num": 90,
    "vehicle_num": 10,
    "bazhua_pos": [
        [
            25.03944063,
            121.56504545,
            182,
            180
        ],
        [
            25.03944054,
            121.56516691,
            182,
            180
        ],
        [
            25.03943957,
            121.56523011,
            182,
            180
        ],
        [
            25.03943767,
            121.56529052,
            182,
            180
        ],
        [
            25.03950255,
            121.56534199,
            182,
            140
        ],
        [
            25.0395376,
            121.56541182,
            182,
            90
        ],
        [
            25.03959162,
            121.56541347,
            182,
            90
        ],
        [
            25.03964588,
            121.56541522,
            182,
            90
        ]
    ],
    "bigua_pos": [
        [
            25.03943605,
            121.56500191,
            180.003146186268,
            270
        ],
        [
            25.03950154,
            121.56540631,
            179.912194169855,
            180
        ],
        [
            25.04019922,
            121.567288,
            225.504158481287,
            180
        ],
        [
            25.04018932,
            121.56679709,
            225.502847231722,
            275
        ]
    ],
    "blue_death": 45,
    "result": 1,
    "soldier_death": 41,
    "vehicle_death": 4
}